created_date,author,file
2011-06-07T20:48:23Z,24235,24254
2011-06-05T05:06:24Z,24235,24254
2011-06-07T14:35:09Z,24235,24254
2011-06-07T14:40:17Z,24235,24254
2011-06-07T14:52:03Z,24254,24235
2011-06-07T15:00:09Z,24235,24254
2011-06-07T15:10:41Z,24254,24235
2011-06-08T12:20:03Z,24235,24254
2011-06-08T12:47:21Z,24254,24235
2011-06-08T12:51:42Z,24235,24254
2011-06-09T00:20:06Z,24235,24257
2011-06-09T04:15:53Z,24257,24235
2011-06-13T07:31:03Z,24235,8718
2011-06-15T01:08:09Z,8718,24235
2011-06-17T07:42:48Z,24210,8732
2011-06-17T07:44:47Z,24210,8732
2011-06-20T07:19:44Z,24235,24258
2011-06-20T09:00:39Z,24235,24251
2011-06-21T00:50:59Z,24251,24235
2011-06-21T03:08:52Z,24235,24251
2011-06-23T04:32:44Z,24251,24235
2011-06-23T05:03:48Z,24235,24251
2011-06-23T07:17:47Z,24210,24245
2011-06-24T03:22:47Z,24210,24245
2011-06-24T03:46:47Z,24210,24245
2011-06-24T05:47:47Z,24210,24245
2011-06-24T06:20:47Z,24210,24245
2011-06-24T07:35:47Z,24210,24245
2011-06-24T10:55:50Z,24210,24245
2011-06-26T17:51:47Z,24210,24245
2011-06-27T02:47:47Z,24210,24250
2011-06-27T05:16:47Z,24210,24250
2011-06-28T00:14:17Z,24210,24250
2011-06-28T10:11:17Z,24210,24245
2011-06-28T17:58:28Z,24210,24245
2011-06-29T14:54:28Z,24210,24245
2011-07-01T08:31:29Z,24254,24255
